{
    "train": {
        "acc": [
            0.7802864951474202,
            0.7802877119730769,
            0.7811055302676813,
            0.7810216775560962,
            0.7805987791502129
        ],
        "auc": [
            0.8185437382482021,
            0.8194923720025741,
            0.8203110755000304,
            0.8192527242997502,
            0.8187064709725387
        ],
        "nll": [
            0.4614958524526079,
            0.4611652155887251,
            0.45997698055409825,
            0.4604439312934564,
            0.46109937037906423
        ],
        "mse": [
            0.15070434160328466,
            0.15061519773004972,
            0.15012694781550445,
            0.15029775042066043,
            0.1505421355389237
        ],
        "rmse": [
            0.3882065707883944,
            0.38809173880675396,
            0.3874621888849342,
            0.3876825381941524,
            0.38799759733653466
        ],
        "f1": [
            0.853710003286229,
            0.8530997566342385,
            0.8529981947676593,
            0.8540314541851761,
            0.8533962924199984
        ]
    },
    "test": {
        "acc": [
            0.7759964234527809,
            0.7761851401170512,
            0.7764208654262704,
            0.7736844501717142,
            0.774306620153935
        ],
        "auc": [
            0.8130048572451237,
            0.8092335987145679,
            0.8114986795403349,
            0.8104977032581269,
            0.8109232720895088
        ],
        "nll": [
            0.4683713257569421,
            0.4687516998335256,
            0.4680577089302375,
            0.47164132314516366,
            0.4707501540644263
        ],
        "mse": [
            0.1532996195876715,
            0.15335525262435032,
            0.15313326214441775,
            0.15459488673149496,
            0.15422287176921734
        ],
        "rmse": [
            0.3915349532132112,
            0.3916059915582885,
            0.3913224529009519,
            0.393185562720066,
            0.3927121996694492
        ],
        "f1": [
            0.8506619380703981,
            0.8518540495507048,
            0.8505976354009179,
            0.848842414333745,
            0.8488787522788834
        ]
    }
}