{
    "train": {
        "acc": [
            0.8559514503640062,
            0.8550527746903888
        ],
        "auc": [
            0.8077215482987335,
            0.8067618566462661
        ],
        "nll": [
            0.3554890615745521,
            0.3567139219096228
        ],
        "mse": [
            0.10845638707437137,
            0.10895884765610615
        ],
        "rmse": [
            0.3293271733009157,
            0.33008915107301867
        ],
        "f1": [
            0.9184305130564799,
            0.9179875534650951
        ]
    },
    "test": {
        "acc": [
            0.8540440271500577,
            0.8549791028770672
        ],
        "auc": [
            0.8038498211134594,
            0.8055163270088354
        ],
        "nll": [
            0.35906747939084943,
            0.35745284314472026
        ],
        "mse": [
            0.1097716907848773,
            0.10914449781161299
        ],
        "rmse": [
            0.33131811116339127,
            0.33037024353233296
        ],
        "f1": [
            0.9174317689792774,
            0.9179177636382414
        ]
    }
}