{
    "train": {
        "acc": [
            0.7588981176044529,
            0.7600588957067596,
            0.7585334522010262,
            0.7597362733329907,
            0.757563661275631
        ],
        "auc": [
            0.8223755683271528,
            0.8240067504025033,
            0.8220230929434466,
            0.8237538834416235,
            0.8205961661289113
        ],
        "nll": [
            0.48923282073743224,
            0.48767964063353,
            0.49010376196318384,
            0.48808404664672916,
            0.49148722677601725
        ],
        "mse": [
            0.16259946030719438,
            0.16201379527398635,
            0.16292542626519416,
            0.1621760936451932,
            0.1634541194514732
        ],
        "rmse": [
            0.40323623387190094,
            0.40250937290203115,
            0.4036402188399889,
            0.4027109306254217,
            0.4042945948828319
        ],
        "f1": [
            0.8147386366127635,
            0.8161102320754129,
            0.8152477295753359,
            0.8158706078565789,
            0.8152441307786483
        ]
    },
    "test": {
        "acc": [
            0.7508390529428383,
            0.7517079265793952,
            0.7529392783533527,
            0.7526453887257204,
            0.752190539702849
        ],
        "auc": [
            0.812069252960632,
            0.8126920142879813,
            0.8141525257992304,
            0.8132313641244199,
            0.8137091768521851
        ],
        "nll": [
            0.5017693237889588,
            0.5003086354844583,
            0.4988316666925317,
            0.4990167869464852,
            0.4996823368621165
        ],
        "mse": [
            0.1672971997400897,
            0.16675616678970034,
            0.1661728678329554,
            0.1662308818003179,
            0.16653254755626093
        ],
        "rmse": [
            0.40901980360379825,
            0.40835789056867794,
            0.40764306425223945,
            0.40771421584281053,
            0.4080839957119869
        ],
        "f1": [
            0.807910651205839,
            0.8098633985299855,
            0.8108757316576303,
            0.8115558044067833,
            0.8105147998867179
        ]
    }
}