{
    "train": {
        "acc": [
            0.74217828834082,
            0.7402996660218482,
            0.7405389224074944,
            0.7408044844493603,
            0.7415865610518599
        ],
        "auc": [
            0.8079852179092609,
            0.8058438833626138,
            0.8062802329399469,
            0.8065346794843182,
            0.8073683937179138
        ],
        "nll": [
            0.511677165079635,
            0.5151290023183114,
            0.5143249458652727,
            0.5142524512264272,
            0.513164253059862
        ],
        "mse": [
            0.17096829396347932,
            0.17225095820268851,
            0.1719764931320926,
            0.1719266600540696,
            0.1714806812336818
        ],
        "rmse": [
            0.4134831241580233,
            0.4150312737646267,
            0.4147004860523949,
            0.41464039848291384,
            0.41410225939214795
        ],
        "f1": [
            0.8027044118576449,
            0.8009572023181899,
            0.8018139283988523,
            0.799501561819406,
            0.7986910251602665
        ]
    },
    "test": {
        "acc": [
            0.7325219839547479,
            0.7390343609557374,
            0.736892020774971,
            0.738150543424793,
            0.7342461239352149
        ],
        "auc": [
            0.7975282405512438,
            0.8033269669443832,
            0.8009517719565511,
            0.8015074766925304,
            0.7986037323921291
        ],
        "nll": [
            0.5254189933384656,
            0.5166627258919261,
            0.5195892209216251,
            0.5183394773255121,
            0.5237784134928983
        ],
        "mse": [
            0.1762843030793158,
            0.17287250065633983,
            0.17401539831371265,
            0.17346568222192316,
            0.17569711818887723
        ],
        "rmse": [
            0.41986224297895114,
            0.4157793894078202,
            0.4171515291997773,
            0.41649211543788334,
            0.4191624007337457
        ],
        "f1": [
            0.793472335618246,
            0.8013902719411902,
            0.7997694959226949,
            0.7990625871672348,
            0.7915406917884054
        ]
    }
}