{
    "train": {
        "acc": [
            0.7771039857225499,
            0.7702037223129525,
            0.7733031636279186,
            0.7523908356452442,
            0.767293839006288
        ],
        "auc": [
            0.8131756444343077,
            0.8047888716083559,
            0.8084696239833274,
            0.773639378354973,
            0.8048444377633659
        ],
        "nll": [
            0.47310936551224214,
            0.4802470051016521,
            0.47292730574742786,
            0.5071325941946863,
            0.4923280778078451
        ],
        "mse": [
            0.15441195432192847,
            0.1573984286555554,
            0.1550646240652844,
            0.1678061292303779,
            0.1614303193018894
        ],
        "rmse": [
            0.39295286526748785,
            0.3967347081559104,
            0.3937824577927315,
            0.4096414642469411,
            0.40178392115898487
        ],
        "f1": [
            0.8507122718320892,
            0.8477361341448155,
            0.8454586157426766,
            0.8323864427432853,
            0.8381395918363147
        ]
    },
    "test": {
        "acc": [
            0.7644594973547857,
            0.7622983920734205,
            0.7619313123142902,
            0.7491646307825676,
            0.7551875729832102
        ],
        "auc": [
            0.7907257834518375,
            0.7886016033527723,
            0.7894686080294855,
            0.7689279282164053,
            0.7870469053503089
        ],
        "nll": [
            0.4902126693968502,
            0.49221908973966033,
            0.49144974938661995,
            0.5116931783495224,
            0.5064988320083786
        ],
        "mse": [
            0.16128911908827298,
            0.16213800011716425,
            0.16199358627601018,
            0.16964036478476796,
            0.16739655809022827
        ],
        "rmse": [
            0.40160816611253436,
            0.4026636314806246,
            0.40248426835841694,
            0.41187420990487855,
            0.40914124467013624
        ],
        "f1": [
            0.8427190144819753,
            0.842729446933772,
            0.8377345311317641,
            0.8298873612057561,
            0.8294092186210429
        ]
    }
}