{
    "train": {
        "acc": [
            0.7429399165981107,
            0.738895193968133,
            0.7393051117020484,
            0.7390498969960855,
            0.7429256057179663
        ],
        "auc": [
            0.7983652445030471,
            0.7924927387130951,
            0.793175513087339,
            0.7929926676769318,
            0.799043460740191
        ],
        "nll": [
            0.511987614351263,
            0.5175647537754149,
            0.5170691839199536,
            0.5173804770778774,
            0.5120930500716614
        ],
        "mse": [
            0.17091486735695072,
            0.17311014805241046,
            0.17284860462252288,
            0.17303802232812782,
            0.1709636682084431
        ],
        "rmse": [
            0.4134185135633753,
            0.41606507670364556,
            0.4157506519808753,
            0.41597839166010514,
            0.4134775304758931
        ],
        "f1": [
            0.8084205830602071,
            0.8075213564309449,
            0.8065049849322148,
            0.8084081139361272,
            0.8157912660887704
        ]
    },
    "test": {
        "acc": [
            0.728785924886523,
            0.7309281181956923,
            0.7301073837289999,
            0.7316370195864204,
            0.7321703248363899
        ],
        "auc": [
            0.7807003081688039,
            0.7798505308948219,
            0.7814222033353077,
            0.7812935223223244,
            0.7811184831536498
        ],
        "nll": [
            0.5332025398672902,
            0.529223504080933,
            0.5297395008837935,
            0.5294787997934839,
            0.5277330314164738
        ],
        "mse": [
            0.17919631605463707,
            0.17768140586511566,
            0.1776747538143482,
            0.17756846204345964,
            0.17700881474744837
        ],
        "rmse": [
            0.42331585849650977,
            0.42152272283367553,
            0.42151483225901815,
            0.42138873032327245,
            0.4207241551746802
        ],
        "f1": [
            0.7960919147482169,
            0.8020175336255605,
            0.7994704796620835,
            0.8034934133907236,
            0.8091458247805258
        ]
    }
}