{
    "train": {
        "acc": [
            0.7359296982493791,
            0.7354618793515096,
            0.7351581325920059,
            0.7348641303292284,
            0.7347576858439934
        ],
        "auc": [
            0.7945729018882829,
            0.7938719679616382,
            0.7933275619271335,
            0.793167429780281,
            0.7927986809984167
        ],
        "nll": [
            0.5211084066841589,
            0.5219112352757743,
            0.5228721178419791,
            0.5228318278310498,
            0.5231471948864973
        ],
        "mse": [
            0.1744267267656817,
            0.17473206405603192,
            0.17503976792633572,
            0.17505675178745114,
            0.17520695735529165
        ],
        "rmse": [
            0.4176442586288978,
            0.4180096458887425,
            0.4183775423302925,
            0.4183978391285633,
            0.41857730152899075
        ],
        "f1": [
            0.8038067622911296,
            0.8018941225445961,
            0.8000010452594056,
            0.8032361883213307,
            0.8017433365178935
        ]
    },
    "test": {
        "acc": [
            0.7325225870427501,
            0.7330287705727682,
            0.7326972964121657,
            0.7326811353531067,
            0.73247410967582
        ],
        "auc": [
            0.790467309547273,
            0.789314722633679,
            0.790155315406884,
            0.7896498942515437,
            0.7896650004925141
        ],
        "nll": [
            0.5256951015985603,
            0.5258070724088381,
            0.5266837800988333,
            0.5263036627171128,
            0.525775995211598
        ],
        "mse": [
            0.17618371815547748,
            0.17618997501801933,
            0.17654233264783595,
            0.1763906982332053,
            0.17624418362549685
        ],
        "rmse": [
            0.4197424426424822,
            0.41974989579274385,
            0.42016940946222625,
            0.4199889263221178,
            0.41981446333528916
        ],
        "f1": [
            0.8008557021602762,
            0.8008530588047578,
            0.7975197385515096,
            0.8016678836919472,
            0.8004160967810292
        ]
    }
}