{
    "train": {
        "acc": [
            0.7678775037124541,
            0.7689847200058051,
            0.768106587119052,
            0.7684796178072258,
            0.7687860661877183
        ],
        "auc": [
            0.8078770834980475,
            0.8082454557140238,
            0.8064489099483334,
            0.8078603605290915,
            0.8077902986317042
        ],
        "nll": [
            0.48049000532499275,
            0.47920692439655693,
            0.4810595901922234,
            0.479857943513059,
            0.47985125899416925
        ],
        "mse": [
            0.1580569405834272,
            0.1575343305007256,
            0.15819428039235486,
            0.15783601819748294,
            0.1577142303059978
        ],
        "rmse": [
            0.39756375662706883,
            0.3969059466683834,
            0.39773644589395485,
            0.3972858142414387,
            0.39713250975713105
        ],
        "f1": [
            0.8400440199354333,
            0.8438932984664027,
            0.842204384966825,
            0.8408861095443749,
            0.8423041478418182
        ]
    },
    "test": {
        "acc": [
            0.7625841211890036,
            0.761729763352088,
            0.7611946445548055,
            0.7611244037052354,
            0.7608719191384986
        ],
        "auc": [
            0.7965665294339034,
            0.7976597339780573,
            0.7978277464473683,
            0.7961657043261703,
            0.7963642459105719
        ],
        "nll": [
            0.4889184862966642,
            0.4905952915015399,
            0.49142960684490195,
            0.49120136262402647,
            0.49135433128371203
        ],
        "mse": [
            0.16123604189759752,
            0.1618102077699516,
            0.16217008703308877,
            0.16211885918210842,
            0.1621973749580382
        ],
        "rmse": [
            0.401542079859132,
            0.4022563955612783,
            0.40270347283465135,
            0.40263986288258696,
            0.40273735232535635
        ],
        "f1": [
            0.8378351343639114,
            0.8387450579990288,
            0.836653246158722,
            0.8363895160459948,
            0.8371028936822094
        ]
    }
}